Number,Name,Age
Numbers_0,Names_0,@email.com0
Numbers_1,Names_1,@email.com1
Numbers_2,Names_2,@email.com2
Numbers_3,Names_3,@email.com3
Numbers_4,Names_4,@email.com4
Numbers_5,Names_5,@email.com5
Numbers_6,Names_6,@email.com6
Numbers_7,Names_7,@email.com7
Numbers_8,Names_8,@email.com8
Numbers_9,Names_9,@email.com9
Numbers_10,Names_10,@email.com10
Numbers_11,Names_11,@email.com11
Numbers_12,Names_12,@email.com12
Numbers_13,Names_13,@email.com13
Numbers_14,Names_14,@email.com14
Numbers_15,Names_15,@email.com15
Numbers_16,Names_16,@email.com16
Numbers_17,Names_17,@email.com17
Numbers_18,Names_18,@email.com18
Numbers_19,Names_19,@email.com19
Numbers_20,Names_20,@email.com20
Numbers_21,Names_21,@email.com21
Numbers_22,Names_22,@email.com22
Numbers_23,Names_23,@email.com23
Numbers_24,Names_24,@email.com24
Numbers_25,Names_25,@email.com25
Numbers_26,Names_26,@email.com26
Numbers_27,Names_27,@email.com27
Numbers_28,Names_28,@email.com28
Numbers_29,Names_29,@email.com29
Numbers_30,Names_30,@email.com30
Numbers_31,Names_31,@email.com31
Numbers_32,Names_32,@email.com32
Numbers_33,Names_33,@email.com33
Numbers_34,Names_34,@email.com34
Numbers_35,Names_35,@email.com35
Numbers_36,Names_36,@email.com36
Numbers_37,Names_37,@email.com37
Numbers_38,Names_38,@email.com38
Numbers_39,Names_39,@email.com39
Numbers_40,Names_40,@email.com40
Numbers_41,Names_41,@email.com41
Numbers_42,Names_42,@email.com42
Numbers_43,Names_43,@email.com43
Numbers_44,Names_44,@email.com44
Numbers_45,Names_45,@email.com45
Numbers_46,Names_46,@email.com46
Numbers_47,Names_47,@email.com47
Numbers_48,Names_48,@email.com48
Numbers_49,Names_49,@email.com49
Numbers_50,Names_50,@email.com50
Numbers_51,Names_51,@email.com51
Numbers_52,Names_52,@email.com52
Numbers_53,Names_53,@email.com53
Numbers_54,Names_54,@email.com54
Numbers_55,Names_55,@email.com55
Numbers_56,Names_56,@email.com56
Numbers_57,Names_57,@email.com57
Numbers_58,Names_58,@email.com58
Numbers_59,Names_59,@email.com59
Numbers_60,Names_60,@email.com60
Numbers_61,Names_61,@email.com61
Numbers_62,Names_62,@email.com62
Numbers_63,Names_63,@email.com63
Numbers_64,Names_64,@email.com64
Numbers_65,Names_65,@email.com65
Numbers_66,Names_66,@email.com66
Numbers_67,Names_67,@email.com67
Numbers_68,Names_68,@email.com68
Numbers_69,Names_69,@email.com69
Numbers_70,Names_70,@email.com70
Numbers_71,Names_71,@email.com71
Numbers_72,Names_72,@email.com72
Numbers_73,Names_73,@email.com73
Numbers_74,Names_74,@email.com74
Numbers_75,Names_75,@email.com75
Numbers_76,Names_76,@email.com76
Numbers_77,Names_77,@email.com77
Numbers_78,Names_78,@email.com78
Numbers_79,Names_79,@email.com79
Numbers_80,Names_80,@email.com80
Numbers_81,Names_81,@email.com81
Numbers_82,Names_82,@email.com82
Numbers_83,Names_83,@email.com83
Numbers_84,Names_84,@email.com84
Numbers_85,Names_85,@email.com85
Numbers_86,Names_86,@email.com86
Numbers_87,Names_87,@email.com87
Numbers_88,Names_88,@email.com88
Numbers_89,Names_89,@email.com89
Numbers_90,Names_90,@email.com90
Numbers_91,Names_91,@email.com91
Numbers_92,Names_92,@email.com92
Numbers_93,Names_93,@email.com93
Numbers_94,Names_94,@email.com94
Numbers_95,Names_95,@email.com95
Numbers_96,Names_96,@email.com96
Numbers_97,Names_97,@email.com97
Numbers_98,Names_98,@email.com98
Numbers_99,Names_99,@email.com99
